{
  "project_info": {
    "project_number": "394062611422",
    "project_id": "lab4-7267d",
    "storage_bucket": "lab4-7267d.appspot.com"
  },
  "client": [
    {
      "client_info": {
        "mobilesdk_app_id": "1:394062611422:android:3551aeb4010c06282a534f",
        "android_client_info": {
          "package_name": "com.example.lab4"
        }
      },
      "oauth_client": [],
      "api_key": [
        {
          "current_key": "AIzaSyA4efU5W9xS_1CiaMjVNxe1454EbDpWX5Y"
        }
      ],
      "services": {
        "appinvite_service": {
          "other_platform_oauth_client": []
        }
      }
    }
  ],
  "configuration_version": "1"
}